name,country,height
RYU,JAPAN,68.897675
GUILE,USA,71.653582
E. HONDA,JAPAN,72.83468500000001
DHALSIM,INDIA,69.291376
BLANKA,BRAZIL,75.590592
JHOSUA,USA,75.590592
MIKE,USA,74.40948900000001
